ville,year,tmax_moy,tmin_moy,nuits_trop,jours_35,tx_abs,tn_max
Bordeaux,1950,26.84,16.26,4,2,36.3,22.2
Bordeaux,1951,23.03,14.43,0,0,32.0,19.2
Bordeaux,1952,26.64,16.0,5,1,36.8,21.9
Bordeaux,1953,23.54,14.59,1,1,35.9,21.7
Bordeaux,1954,22.71,13.72,1,1,35.5,20.0
Bordeaux,1955,24.74,15.48,2,1,36.8,21.5
Bordeaux,1956,22.58,13.78,0,0,34.5,18.9
Bordeaux,1957,23.93,15.31,3,0,34.3,21.4
Bordeaux,1958,23.16,14.6,0,0,31.5,19.7
Bordeaux,1959,26.11,15.67,3,2,36.5,21.2
Bordeaux,1960,23.9,14.74,0,0,33.0,18.6
Bordeaux,1961,24.94,15.13,2,0,34.4,20.9
Bordeaux,1962,24.77,14.32,0,0,33.6,19.1
Bordeaux,1963,23.73,14.75,0,0,32.5,19.7
Bordeaux,1964,26.22,15.56,2,1,37.2,22.1
Bordeaux,1965,24.1,14.29,0,0,32.5,19.9
Bordeaux,1966,23.39,14.5,1,0,34.6,21.3
Bordeaux,1967,24.39,14.54,1,0,31.3,20.5
Bordeaux,1968,23.16,14.27,1,2,36.7,20.6
Bordeaux,1969,24.46,15.02,2,0,34.5,21.2
Bordeaux,1970,24.89,15.55,1,0,33.8,20.5
Bordeaux,1971,23.61,14.95,2,0,33.0,21.1
Bordeaux,1972,22.84,13.59,0,0,33.1,18.8
Bordeaux,1973,24.15,15.45,5,0,33.9,21.9
Bordeaux,1974,24.95,14.59,1,1,35.1,21.0
Bordeaux,1975,25.85,15.3,6,4,38.1,24.1
Bordeaux,1976,28.18,16.29,5,2,36.4,20.9
Bordeaux,1977,22.26,13.86,0,0,30.3,18.5
Bordeaux,1978,22.62,13.53,1,0,33.0,21.1
Bordeaux,1979,24.12,14.78,1,0,32.5,20.6
Bordeaux,1980,22.53,13.69,0,0,33.2,19.1
Bordeaux,1981,23.74,14.72,5,0,34.7,22.0
Bordeaux,1982,25.38,16.32,2,1,37.6,21.1
Bordeaux,1983,25.61,16.25,7,1,35.5,21.9
Bordeaux,1984,25.31,14.52,0,3,35.9,19.9
Bordeaux,1985,24.33,14.77,1,3,36.4,22.5
Bordeaux,1986,25.39,14.86,1,1,35.1,20.2
Bordeaux,1987,23.74,14.92,5,3,37.6,22.4
Bordeaux,1988,24.22,14.78,0,0,32.2,19.3
Bordeaux,1989,27.02,16.38,3,2,38.9,24.1
Bordeaux,1990,26.32,15.92,10,7,37.8,22.5
Bordeaux,1991,24.66,15.03,3,0,34.4,20.2
Bordeaux,1992,24.13,15.27,5,1,36.6,22.0
Bordeaux,1993,24.74,15.07,0,0,33.5,19.1
Bordeaux,1994,26.49,16.39,11,2,36.7,22.1
Bordeaux,1995,27.06,16.29,10,2,37.1,21.5
Bordeaux,1996,26.09,15.61,3,1,36.8,21.2
Bordeaux,1997,24.66,15.69,4,0,33.3,22.3
Bordeaux,1998,25.55,15.02,5,7,37.2,20.8
Bordeaux,1999,24.81,15.56,1,1,35.3,21.1
Bordeaux,2000,25.09,15.23,1,1,35.1,20.4
Bordeaux,2001,25.65,15.31,2,3,37.3,22.0
Bordeaux,2002,24.66,15.29,0,0,34.9,19.9
Bordeaux,2003,29.32,18.16,24,14,40.2,23.7
Bordeaux,2004,26.66,16.08,7,1,36.8,21.4
Bordeaux,2005,28.02,16.66,9,4,36.3,22.7
Bordeaux,2006,27.1,16.99,15,3,36.7,24.1
Bordeaux,2007,24.04,14.94,0,1,36.7,19.3
Bordeaux,2008,24.21,14.82,1,0,32.9,20.0
Bordeaux,2009,26.16,15.67,3,2,36.3,20.7
Bordeaux,2010,25.56,15.49,2,1,37.2,21.8
Bordeaux,2011,25.13,15.09,1,2,40.0,21.9
Bordeaux,2012,25.62,15.27,1,4,38.7,20.4
Bordeaux,2013,25.99,16.0,11,1,35.9,21.4
Bordeaux,2014,25.16,16.03,0,1,37.0,19.5
Bordeaux,2015,27.36,16.62,11,3,39.8,21.7
Bordeaux,2016,25.63,15.45,2,4,38.4,21.2
Bordeaux,2017,26.47,16.79,7,5,38.1,21.9
Bordeaux,2018,26.77,16.96,7,2,35.7,21.8
Bordeaux,2019,27.45,16.72,9,6,39.9,25.0
Bordeaux,2020,25.5,15.82,7,5,37.7,22.3
Bordeaux,2021,24.71,15.82,1,0,33.6,20.0
Bordeaux,2022,28.77,17.1,12,12,40.5,22.4
Bordeaux,2023,26.47,16.69,0,0,33.8,19.6
Bordeaux,2024,25.43,15.8,6,2,37.2,22.5
Bordeaux,2025,29.48,17.89,18,11,41.7,24.3
Bordeaux,2026,31.25,19.53,40,20,41.4,26.9
Lille,1950,22.3,13.35,0,0,29.1,18.2
Lille,1951,20.57,11.97,0,0,28.0,18.4
Lille,1952,22.09,13.26,2,0,32.7,20.6
Lille,1953,20.46,12.44,0,0,29.8,18.0
Lille,1954,19.01,11.63,0,0,28.1,17.5
Lille,1955,20.76,12.24,0,0,29.2,18.3
Lille,1956,18.82,11.59,0,0,26.8,16.7
Lille,1957,21.6,13.16,3,0,33.0,21.4
Lille,1958,20.39,12.05,0,0,28.5,16.9
Lille,1959,22.7,12.91,0,0,34.0,18.1
Lille,1960,20.0,11.96,0,0,27.3,16.0
Lille,1961,20.56,11.86,0,0,32.5,17.2
Lille,1962,19.77,11.13,0,0,28.3,17.0
Lille,1963,20.41,12.22,0,0,28.7,18.9
Lille,1964,21.13,12.63,0,0,29.1,19.9
Lille,1965,19.69,11.54,0,0,25.5,16.6
Lille,1966,20.21,12.51,0,0,29.2,17.9
Lille,1967,20.9,12.5,0,0,29.2,17.8
Lille,1968,19.7,12.18,0,0,30.9,17.1
Lille,1969,21.22,12.82,0,0,28.3,18.4
Lille,1970,21.35,12.96,0,0,29.1,18.7
Lille,1971,20.56,12.48,0,0,28.5,18.5
Lille,1972,19.23,12.05,0,0,27.7,19.5
Lille,1973,21.41,12.66,0,0,29.0,18.4
Lille,1974,19.58,11.84,0,0,27.1,17.5
Lille,1975,21.74,12.87,2,0,31.4,21.0
Lille,1976,24.02,13.88,2,0,33.8,21.1
Lille,1977,19.38,11.95,0,0,29.2,16.4
Lille,1978,18.86,11.49,0,0,28.1,18.2
Lille,1979,20.08,12.25,0,0,26.7,17.3
Lille,1980,19.53,12.15,0,0,27.4,17.4
Lille,1981,19.59,12.72,0,0,28.5,17.8
Lille,1982,21.95,13.73,0,0,30.4,19.8
Lille,1983,22.87,13.54,0,0,32.2,19.3
Lille,1984,20.02,11.58,0,0,30.9,16.8
Lille,1985,19.85,11.94,0,0,28.4,18.5
Lille,1986,21.4,12.9,0,0,29.1,17.7
Lille,1987,19.42,11.99,0,0,27.8,18.5
Lille,1988,19.91,12.0,0,0,26.3,19.5
Lille,1989,22.3,12.87,1,0,31.7,21.5
Lille,1990,21.55,12.46,0,0,33.5,18.2
Lille,1991,20.22,12.5,0,0,30.5,19.2
Lille,1992,21.54,13.31,1,0,31.2,20.5
Lille,1993,20.49,12.48,0,0,29.5,17.7
Lille,1994,23.07,13.52,0,0,32.5,19.3
Lille,1995,22.84,13.67,0,0,31.6,19.4
Lille,1996,20.98,12.0,0,0,30.2,17.7
Lille,1997,21.38,13.46,0,0,29.9,19.1
Lille,1998,20.6,12.62,0,0,31.8,17.1
Lille,1999,21.88,13.27,0,0,29.9,18.8
Lille,2000,20.26,12.39,0,0,30.0,17.3
Lille,2001,21.26,12.92,0,0,30.8,18.8
Lille,2002,21.0,12.88,0,0,30.5,17.8
Lille,2003,24.59,14.66,1,1,35.2,21.1
Lille,2004,21.82,13.47,1,0,29.5,21.1
Lille,2005,21.54,13.11,0,0,30.8,17.5
Lille,2006,23.08,13.83,3,0,34.2,21.0
Lille,2007,20.57,13.32,0,0,28.6,18.8
Lille,2008,20.86,12.91,0,0,30.3,17.9
Lille,2009,21.63,12.93,0,0,29.3,17.5
Lille,2010,22.21,13.5,1,0,32.0,20.4
Lille,2011,20.22,12.33,1,0,31.8,20.0
Lille,2012,20.47,12.65,0,0,28.6,17.2
Lille,2013,22.29,13.67,0,0,32.0,19.3
Lille,2014,21.48,13.35,1,0,31.6,21.9
Lille,2015,22.49,13.35,2,0,34.2,20.6
Lille,2016,21.19,13.6,1,0,30.1,20.4
Lille,2017,22.9,14.19,1,0,32.7,20.3
Lille,2018,24.49,14.42,2,0,34.4,22.4
Lille,2019,22.9,13.78,3,1,38.0,21.9
Lille,2020,23.04,13.84,6,1,35.6,21.6
Lille,2021,21.44,13.64,1,0,29.1,20.6
Lille,2022,24.34,13.63,1,1,38.1,20.2
Lille,2023,23.16,14.14,0,0,30.7,18.2
Lille,2024,22.08,13.43,0,1,35.1,19.9
Lille,2025,24.35,14.74,4,1,36.8,21.0
Lille,2026,26.23,15.98,9,5,37.0,24.1
Lyon,1950,26.24,16.22,3,0,33.9,21.9
Lyon,1951,23.15,14.15,0,0,29.8,18.6
Lyon,1952,27.42,16.23,10,6,36.1,21.5
Lyon,1953,22.99,14.38,0,0,30.4,19.2
Lyon,1954,22.48,13.37,0,0,31.1,18.0
Lyon,1955,23.37,14.18,0,0,33.1,18.9
Lyon,1956,21.59,12.88,0,0,31.3,18.4
Lyon,1957,24.1,14.64,2,0,32.2,20.4
Lyon,1958,23.73,14.08,0,0,33.9,19.8
Lyon,1959,25.84,15.47,3,0,32.8,20.3
Lyon,1960,23.39,14.03,0,0,31.1,19.1
Lyon,1961,23.91,14.22,2,0,31.8,20.1
Lyon,1962,24.71,13.84,2,1,35.9,21.6
Lyon,1963,23.56,14.58,0,0,30.1,19.7
Lyon,1964,25.88,15.5,4,2,35.9,22.7
Lyon,1965,23.03,14.09,1,0,31.3,21.4
Lyon,1966,22.56,13.68,0,0,32.2,18.8
Lyon,1967,24.1,14.45,1,0,33.1,20.4
Lyon,1968,22.77,13.67,2,0,34.8,21.6
Lyon,1969,23.05,14.57,2,0,31.4,20.3
Lyon,1970,23.92,14.99,1,0,31.5,20.3
Lyon,1971,23.95,14.7,0,0,30.6,19.5
Lyon,1972,22.53,13.67,1,0,31.8,20.3
Lyon,1973,24.03,15.05,1,0,31.3,20.6
Lyon,1974,23.52,13.82,0,0,33.8,19.4
Lyon,1975,23.64,14.24,2,0,31.8,20.4
Lyon,1976,26.67,15.96,3,0,33.2,20.7
Lyon,1977,21.78,13.24,0,0,28.1,18.1
Lyon,1978,22.08,13.16,0,0,30.1,18.2
Lyon,1979,23.58,14.48,1,0,32.2,20.2
Lyon,1980,21.91,13.23,0,0,30.9,18.6
Lyon,1981,22.67,13.84,0,0,31.0,19.8
Lyon,1982,24.86,15.97,2,0,33.0,21.0
Lyon,1983,26.65,16.29,11,4,37.7,24.7
Lyon,1984,23.35,13.53,1,0,31.9,21.1
Lyon,1985,23.76,14.09,1,0,32.8,20.1
Lyon,1986,24.98,14.89,3,0,33.3,20.7
Lyon,1987,22.99,14.19,0,0,31.1,19.5
Lyon,1988,24.34,14.56,0,0,31.7,19.6
Lyon,1989,25.74,15.42,5,2,35.2,23.0
Lyon,1990,24.77,15.04,4,0,34.1,20.9
Lyon,1991,25.03,15.31,4,0,33.2,20.9
Lyon,1992,24.07,15.09,4,0,33.3,20.7
Lyon,1993,24.41,14.83,1,0,31.1,20.6
Lyon,1994,26.48,16.36,13,0,33.9,22.2
Lyon,1995,24.88,15.37,4,0,34.5,21.9
Lyon,1996,23.99,14.53,0,0,30.3,18.5
Lyon,1997,24.32,15.2,1,0,32.3,20.9
Lyon,1998,25.08,15.12,5,1,35.3,21.1
Lyon,1999,24.5,15.07,1,0,32.1,20.3
Lyon,2000,24.39,14.56,0,0,32.2,19.9
Lyon,2001,24.59,14.81,1,0,32.9,20.4
Lyon,2002,24.54,15.11,0,0,32.5,19.6
Lyon,2003,30.74,19.14,28,18,38.3,24.5
Lyon,2004,26.03,15.86,5,0,33.8,20.9
Lyon,2005,25.86,15.73,7,0,34.6,22.8
Lyon,2006,27.08,16.76,17,1,35.3,23.1
Lyon,2007,23.74,14.86,2,0,31.2,20.1
Lyon,2008,24.15,14.88,1,0,31.8,20.2
Lyon,2009,26.17,15.8,3,0,34.2,21.6
Lyon,2010,25.66,15.86,8,1,35.1,22.4
Lyon,2011,24.41,14.4,0,1,35.3,19.1
Lyon,2012,25.07,15.26,1,0,33.1,20.0
Lyon,2013,25.33,15.45,8,0,34.6,23.3
Lyon,2014,25.0,15.81,4,0,34.2,21.5
Lyon,2015,28.48,17.83,22,9,38.2,24.0
Lyon,2016,24.53,15.35,2,0,33.4,20.1
Lyon,2017,28.49,17.37,15,5,36.6,23.7
Lyon,2018,28.19,17.55,16,1,35.4,24.3
Lyon,2019,28.16,16.63,14,7,37.6,23.0
Lyon,2020,27.84,16.58,10,6,38.5,22.8
Lyon,2021,25.55,15.89,3,0,32.6,22.5
Lyon,2022,29.5,17.56,12,8,37.6,24.1
Lyon,2023,28.58,16.85,10,4,36.7,23.2
Lyon,2024,26.4,16.25,4,4,36.5,21.7
Lyon,2025,29.76,17.82,23,15,39.7,23.5
Lyon,2026,31.85,19.89,47,27,38.4,25.6
Marseille,1950,27.67,20.14,47,0,32.1,24.3
Marseille,1951,24.79,17.82,12,0,30.2,21.8
Marseille,1952,27.88,19.87,43,0,32.1,23.8
Marseille,1953,25.19,18.34,20,0,30.7,23.7
Marseille,1954,24.34,17.56,8,0,28.9,21.7
Marseille,1955,25.93,18.53,27,0,30.6,22.8
Marseille,1956,24.47,17.26,10,0,31.1,21.5
Marseille,1957,25.04,17.85,9,0,29.0,21.5
Marseille,1958,25.31,17.62,11,0,32.3,23.6
Marseille,1959,26.81,18.58,27,0,31.6,23.2
Marseille,1960,25.44,18.11,9,0,30.6,21.5
Marseille,1961,26.27,18.53,20,0,30.4,22.6
Marseille,1962,25.81,18.01,21,0,30.4,22.3
Marseille,1963,25.34,18.44,23,0,31.3,23.8
Marseille,1964,26.42,19.04,26,0,30.6,24.4
Marseille,1965,25.34,17.91,14,0,32.0,22.8
Marseille,1966,25.04,17.58,5,0,30.6,20.5
Marseille,1967,26.1,18.31,28,0,30.6,23.1
Marseille,1968,24.56,17.51,12,0,30.2,22.5
Marseille,1969,24.72,17.56,22,0,31.0,23.2
Marseille,1970,26.15,18.6,19,0,31.3,23.1
Marseille,1971,25.83,18.65,28,0,32.7,23.5
Marseille,1972,24.39,17.36,11,0,29.9,22.4
Marseille,1973,26.0,18.66,21,0,30.5,22.7
Marseille,1974,25.49,17.61,12,0,30.4,22.2
Marseille,1975,25.61,18.01,26,0,30.4,22.9
Marseille,1976,26.19,18.45,17,0,29.2,21.7
Marseille,1977,23.56,16.84,4,0,27.4,21.2
Marseille,1978,24.01,16.63,7,0,30.7,21.7
Marseille,1979,26.7,18.93,24,0,31.9,23.7
Marseille,1980,24.41,16.98,12,0,31.1,22.5
Marseille,1981,25.68,17.69,14,0,32.2,22.2
Marseille,1982,27.23,19.75,27,1,35.6,23.8
Marseille,1983,26.6,18.74,26,0,34.2,26.5
Marseille,1984,24.98,17.24,9,0,29.7,22.6
Marseille,1985,25.71,18.13,17,0,30.3,22.5
Marseille,1986,26.08,18.22,21,0,31.5,23.5
Marseille,1987,25.78,18.2,23,0,32.5,23.4
Marseille,1988,26.03,18.27,23,0,32.0,23.1
Marseille,1989,26.94,19.09,31,0,32.4,23.2
Marseille,1990,26.4,18.91,31,0,31.5,24.0
Marseille,1991,25.99,18.32,26,0,31.6,23.2
Marseille,1992,24.86,17.96,21,0,32.0,23.6
Marseille,1993,26.18,18.2,17,0,31.9,22.9
Marseille,1994,27.39,19.48,42,0,31.6,24.6
Marseille,1995,26.58,18.89,36,0,31.6,24.0
Marseille,1996,25.85,18.31,18,0,31.1,23.7
Marseille,1997,25.64,18.35,23,0,30.7,22.8
Marseille,1998,26.79,19.01,30,0,31.8,24.0
Marseille,1999,26.6,18.83,25,0,29.9,23.4
Marseille,2000,26.28,18.13,16,0,32.0,22.8
Marseille,2001,26.5,18.54,25,0,32.8,23.9
Marseille,2002,25.97,18.39,19,0,31.7,22.8
Marseille,2003,29.69,21.49,59,0,34.3,25.1
Marseille,2004,26.95,19.28,31,0,31.5,24.1
Marseille,2005,27.26,19.46,34,0,30.6,23.6
Marseille,2006,28.17,20.01,46,0,34.0,25.2
Marseille,2007,25.91,18.29,14,0,30.9,22.6
Marseille,2008,26.49,18.87,27,0,32.6,23.8
Marseille,2009,27.44,19.43,32,0,31.1,23.3
Marseille,2010,26.68,19.24,33,0,31.9,23.4
Marseille,2011,25.26,17.97,11,0,30.2,22.5
Marseille,2012,27.43,19.4,33,0,32.0,22.7
Marseille,2013,26.77,18.92,33,0,31.1,25.1
Marseille,2014,26.48,18.99,26,0,30.4,22.9
Marseille,2015,28.4,20.61,50,0,32.6,25.2
Marseille,2016,27.16,19.26,30,0,32.0,23.9
Marseille,2017,26.77,19.69,37,0,34.1,25.2
Marseille,2018,26.68,19.94,41,0,34.4,24.4
Marseille,2019,27.04,19.59,36,0,33.0,25.2
Marseille,2020,26.05,19.14,30,0,31.9,24.2
Marseille,2021,26.5,19.45,30,0,31.1,23.5
Marseille,2022,28.46,20.62,54,0,33.4,23.8
Marseille,2023,27.65,19.63,40,0,34.4,23.8
Marseille,2024,27.7,19.13,31,0,33.8,24.2
Marseille,2025,29.17,20.43,40,3,36.9,25.5
Marseille,2026,30.7,22.09,60,8,37.4,26.2
Montpellier,1950,28.2,18.79,24,0,33.8,22.8
Montpellier,1951,24.92,16.41,1,0,30.6,20.3
Montpellier,1952,28.17,18.57,17,0,33.1,22.2
Montpellier,1953,25.79,17.24,9,0,33.1,21.2
Montpellier,1954,24.95,16.3,2,0,31.5,20.5
Montpellier,1955,26.32,17.26,4,0,31.5,22.6
Montpellier,1956,24.63,15.91,3,0,30.8,20.6
Montpellier,1957,24.7,16.23,0,0,31.1,19.6
Montpellier,1958,25.45,16.24,8,0,32.4,23.3
Montpellier,1959,27.64,17.83,18,0,33.5,22.0
Montpellier,1960,25.63,17.04,2,0,32.8,20.2
Montpellier,1961,26.6,17.49,7,0,31.4,21.0
Montpellier,1962,26.24,16.65,8,0,30.9,22.2
Montpellier,1963,24.91,16.77,6,0,31.9,22.1
Montpellier,1964,26.8,17.79,13,0,31.9,22.7
Montpellier,1965,25.24,16.43,6,0,30.7,21.6
Montpellier,1966,25.23,16.37,1,0,32.0,21.8
Montpellier,1967,26.24,16.97,12,0,31.4,22.4
Montpellier,1968,24.83,16.22,3,0,32.7,21.4
Montpellier,1969,24.83,16.43,13,0,32.6,21.8
Montpellier,1970,26.33,17.6,9,0,32.1,21.2
Montpellier,1971,25.51,17.14,13,0,31.4,22.0
Montpellier,1972,24.25,15.89,3,0,30.7,21.3
Montpellier,1973,26.37,17.4,7,0,32.7,21.1
Montpellier,1974,25.88,16.52,1,0,31.9,20.0
Montpellier,1975,25.89,16.75,11,0,32.5,23.6
Montpellier,1976,27.18,17.59,4,0,31.1,20.5
Montpellier,1977,23.53,15.26,0,0,27.4,19.3
Montpellier,1978,24.23,15.23,2,0,30.3,21.2
Montpellier,1979,27.04,17.71,13,0,33.6,22.8
Montpellier,1980,24.92,15.94,3,0,32.7,20.4
Montpellier,1981,25.82,16.42,4,0,33.0,21.3
Montpellier,1982,26.99,18.4,19,0,34.3,23.0
Montpellier,1983,26.72,17.64,17,1,35.8,24.6
Montpellier,1984,25.88,16.43,2,0,31.6,20.3
Montpellier,1985,25.92,16.78,8,0,31.7,21.7
Montpellier,1986,26.7,17.45,13,0,32.3,21.9
Montpellier,1987,26.09,16.87,10,1,35.5,23.2
Montpellier,1988,26.24,17.16,11,0,32.0,21.5
Montpellier,1989,27.63,18.11,19,0,33.8,23.0
Montpellier,1990,26.96,17.86,21,0,33.1,24.1
Montpellier,1991,26.56,17.32,18,0,32.8,22.6
Montpellier,1992,24.91,16.54,11,0,33.7,21.5
Montpellier,1993,26.07,16.91,7,0,31.3,21.5
Montpellier,1994,28.11,18.61,25,0,33.0,23.9
Montpellier,1995,27.78,18.24,25,0,32.9,22.6
Montpellier,1996,26.23,17.28,10,0,32.0,21.6
Montpellier,1997,25.26,17.14,14,0,31.4,21.2
Montpellier,1998,27.26,17.77,13,0,32.4,22.6
Montpellier,1999,26.76,17.41,11,0,31.1,22.5
Montpellier,2000,26.21,16.98,4,0,33.1,22.0
Montpellier,2001,27.05,17.45,14,0,33.9,23.5
Montpellier,2002,26.27,17.09,8,0,31.8,20.9
Montpellier,2003,30.1,20.43,48,5,36.3,24.8
Montpellier,2004,27.21,18.18,17,0,32.5,22.2
Montpellier,2005,28.17,18.54,18,0,32.1,21.8
Montpellier,2006,28.53,18.92,32,0,34.3,23.7
Montpellier,2007,25.62,17.03,5,0,31.2,21.4
Montpellier,2008,26.63,17.49,16,0,33.2,22.9
Montpellier,2009,28.18,18.5,24,0,33.7,22.7
Montpellier,2010,27.38,18.2,23,0,32.7,23.0
Montpellier,2011,25.74,16.82,9,0,31.5,20.8
Montpellier,2012,27.66,18.04,14,0,33.1,21.8
Montpellier,2013,26.91,17.77,20,0,31.7,22.9
Montpellier,2014,26.73,17.94,12,0,33.4,21.8
Montpellier,2015,28.96,19.31,27,0,34.5,24.7
Montpellier,2016,27.53,18.06,21,0,33.5,22.4
Montpellier,2017,29.43,19.15,33,4,36.7,24.9
Montpellier,2018,29.44,19.28,31,4,36.3,24.5
Montpellier,2019,29.93,19.15,38,4,41.7,25.2
Montpellier,2020,29.05,18.84,33,1,38.4,23.3
Montpellier,2021,28.94,18.98,31,2,35.5,23.1
Montpellier,2022,32.18,20.7,50,19,38.0,24.5
Montpellier,2023,30.01,19.36,29,3,36.7,23.6
Montpellier,2024,29.94,18.72,27,10,37.2,24.9
Montpellier,2025,31.91,20.16,39,18,40.8,26.1
Montpellier,2026,33.05,21.62,57,31,41.9,26.5
Nantes,1950,23.41,15.12,1,0,29.3,20.6
Nantes,1951,21.65,13.77,1,0,29.9,20.6
Nantes,1952,23.09,14.4,1,0,33.7,22.1
Nantes,1953,21.75,13.82,0,0,32.1,19.7
Nantes,1954,20.02,12.74,0,0,29.4,16.9
Nantes,1955,22.74,14.68,1,0,30.5,20.6
Nantes,1956,20.6,13.02,0,0,30.6,18.8
Nantes,1957,22.65,15.0,2,0,31.5,20.5
Nantes,1958,20.75,13.51,0,0,27.9,18.5
Nantes,1959,24.08,14.86,1,0,32.1,20.4
Nantes,1960,21.62,14.03,0,0,30.0,19.0
Nantes,1961,22.7,13.7,1,0,32.9,20.4
Nantes,1962,22.53,13.49,0,0,28.9,18.3
Nantes,1963,21.18,13.61,0,0,29.2,19.1
Nantes,1964,23.02,14.33,1,0,32.5,20.4
Nantes,1965,20.93,12.94,0,0,28.3,17.3
Nantes,1966,21.07,13.49,0,0,28.6,17.5
Nantes,1967,22.14,13.59,0,0,29.6,17.7
Nantes,1968,21.28,13.57,1,0,33.4,21.2
Nantes,1969,22.88,14.02,2,0,33.0,21.0
Nantes,1970,22.09,14.3,0,0,30.1,18.6
Nantes,1971,21.83,14.2,3,0,31.3,21.1
Nantes,1972,20.09,12.63,0,0,27.4,18.5
Nantes,1973,22.43,14.25,0,0,31.2,19.8
Nantes,1974,21.79,13.06,0,0,29.0,17.2
Nantes,1975,23.35,14.42,3,0,34.7,23.2
Nantes,1976,26.14,15.92,10,0,34.9,23.6
Nantes,1977,20.43,12.96,0,0,27.4,18.5
Nantes,1978,20.12,12.4,0,0,27.1,18.3
Nantes,1979,21.63,13.6,0,0,29.4,17.9
Nantes,1980,19.96,13.18,0,0,28.2,17.1
Nantes,1981,21.23,13.49,1,0,29.9,20.6
Nantes,1982,22.68,15.02,0,0,32.0,18.7
Nantes,1983,23.94,15.39,5,0,32.6,21.6
Nantes,1984,22.8,13.63,0,0,30.9,19.7
Nantes,1985,20.83,13.4,0,0,30.6,19.7
Nantes,1986,21.65,13.51,1,0,31.2,20.5
Nantes,1987,21.43,13.68,0,0,31.4,19.3
Nantes,1988,21.22,13.52,0,0,28.7,18.5
Nantes,1989,24.19,15.06,0,0,31.4,19.8
Nantes,1990,23.12,14.69,6,1,35.1,23.1
Nantes,1991,21.55,13.68,0,0,29.0,17.7
Nantes,1992,22.59,14.35,0,0,31.4,19.5
Nantes,1993,21.98,13.67,0,0,28.8,18.7
Nantes,1994,23.81,14.87,1,0,32.1,20.1
Nantes,1995,24.32,15.18,3,0,34.1,21.0
Nantes,1996,23.36,13.97,0,0,33.3,19.5
Nantes,1997,22.66,14.49,2,0,31.4,20.3
Nantes,1998,21.83,13.6,0,0,33.1,18.3
Nantes,1999,22.36,14.62,1,0,31.6,20.8
Nantes,2000,22.43,13.92,0,0,31.9,19.3
Nantes,2001,22.62,13.94,1,0,33.0,20.3
Nantes,2002,21.44,13.51,0,0,29.3,17.4
Nantes,2003,25.88,16.74,11,5,36.9,24.6
Nantes,2004,23.86,14.88,2,0,34.0,21.5
Nantes,2005,24.33,15.14,4,0,33.1,20.5
Nantes,2006,25.04,15.97,8,1,35.4,24.1
Nantes,2007,20.85,13.91,0,0,29.0,19.1
Nantes,2008,21.24,13.73,0,0,27.7,18.7
Nantes,2009,22.75,14.12,0,0,30.6,19.8
Nantes,2010,23.62,14.72,1,0,32.5,20.7
Nantes,2011,21.68,13.8,0,1,35.0,19.0
Nantes,2012,21.58,14.15,1,0,33.7,20.2
Nantes,2013,23.31,14.9,2,0,31.9,20.3
Nantes,2014,23.36,14.73,0,0,33.8,19.2
Nantes,2015,23.46,14.58,0,0,34.4,19.8
Nantes,2016,23.01,14.82,1,1,35.2,21.3
Nantes,2017,24.34,15.53,4,1,35.5,20.9
Nantes,2018,25.02,16.27,6,0,33.3,20.6
Nantes,2019,24.43,15.4,5,2,37.0,23.2
Nantes,2020,23.76,14.92,4,1,37.3,21.6
Nantes,2021,22.78,14.91,0,0,31.1,19.7
Nantes,2022,27.08,16.2,8,5,40.1,22.7
Nantes,2023,24.3,15.61,1,0,30.9,20.6
Nantes,2024,22.81,14.46,4,0,34.5,21.1
Nantes,2025,26.35,16.23,7,4,37.1,23.1
Nantes,2026,29.41,18.3,24,16,41.2,26.9
Nice,1950,26.97,19.99,40,0,33.0,24.1
Nice,1951,24.36,17.89,13,0,28.5,21.6
Nice,1952,27.17,20.04,47,0,32.9,24.2
Nice,1953,24.15,17.8,20,0,29.9,22.9
Nice,1954,24.36,17.15,10,0,32.0,20.6
Nice,1955,24.64,17.93,10,0,31.1,22.1
Nice,1956,23.86,17.12,14,0,30.5,23.0
Nice,1957,25.32,18.28,24,0,32.4,22.6
Nice,1958,24.89,17.91,20,0,30.5,24.2
Nice,1959,25.67,18.51,25,0,31.8,22.5
Nice,1960,24.9,17.9,6,0,29.2,21.4
Nice,1961,25.23,18.4,19,0,30.4,22.3
Nice,1962,24.98,17.72,22,0,31.7,21.9
Nice,1963,25.1,18.34,24,0,30.4,23.6
Nice,1964,26.2,19.26,29,0,31.9,24.2
Nice,1965,25.78,17.95,17,0,33.4,23.8
Nice,1966,25.28,17.82,10,0,31.1,21.9
Nice,1967,25.05,18.41,32,0,30.4,23.1
Nice,1968,24.14,17.58,13,0,30.6,24.2
Nice,1969,24.11,17.74,24,0,29.9,23.5
Nice,1970,25.45,18.5,24,0,31.1,22.8
Nice,1971,25.32,18.13,30,0,31.8,22.5
Nice,1972,23.68,17.65,14,0,29.0,23.7
Nice,1973,25.21,18.23,15,0,30.4,23.0
Nice,1974,25.32,18.03,20,0,32.0,22.7
Nice,1975,24.82,17.94,29,0,30.4,23.6
Nice,1976,24.72,18.18,14,0,28.2,22.7
Nice,1977,23.35,17.01,3,0,27.6,20.3
Nice,1978,23.81,17.07,10,0,29.3,21.9
Nice,1979,25.39,18.65,22,0,31.9,22.1
Nice,1980,24.09,16.84,17,0,30.5,23.1
Nice,1981,24.63,17.92,16,0,31.7,23.6
Nice,1982,26.18,19.18,29,0,31.3,24.3
Nice,1983,25.9,18.72,28,1,36.1,23.3
Nice,1984,23.94,17.15,9,0,30.8,21.0
Nice,1985,25.9,18.57,26,0,31.1,23.3
Nice,1986,25.37,18.5,27,0,30.9,23.2
Nice,1987,25.18,18.08,26,0,29.8,23.3
Nice,1988,25.26,18.84,33,0,30.9,24.4
Nice,1989,25.43,18.67,29,0,32.3,23.4
Nice,1990,25.76,18.91,35,0,31.2,22.6
Nice,1991,25.77,18.68,32,0,30.3,23.6
Nice,1992,24.6,18.2,30,0,31.2,24.5
Nice,1993,25.66,18.58,20,0,31.4,23.0
Nice,1994,27.11,19.89,45,0,32.1,24.6
Nice,1995,25.13,18.63,32,0,30.6,24.5
Nice,1996,25.68,18.67,22,0,30.2,23.1
Nice,1997,25.06,18.62,24,0,29.4,23.3
Nice,1998,26.24,19.21,34,0,31.4,22.9
Nice,1999,25.98,18.82,25,0,31.8,22.1
Nice,2000,25.45,18.76,23,0,31.1,21.9
Nice,2001,26.49,19.2,34,0,32.1,24.8
Nice,2002,25.31,19.05,30,0,31.7,23.8
Nice,2003,28.87,21.53,64,0,34.5,25.8
Nice,2004,26.32,18.85,31,0,31.7,22.7
Nice,2005,26.21,19.25,34,0,32.1,23.7
Nice,2006,27.03,19.53,39,0,34.5,25.1
Nice,2007,25.86,18.58,20,0,31.8,22.5
Nice,2008,25.62,18.83,31,0,31.7,22.4
Nice,2009,26.42,19.55,37,0,29.9,24.0
Nice,2010,25.81,19.64,36,0,31.3,25.4
Nice,2011,24.66,18.47,18,0,30.0,23.0
Nice,2012,26.74,19.62,39,0,32.6,23.7
Nice,2013,25.87,19.08,39,0,31.0,24.1
Nice,2014,25.57,18.74,28,0,31.4,23.1
Nice,2015,27.85,21.08,50,0,33.5,25.5
Nice,2016,26.22,19.51,39,0,31.2,23.7
Nice,2017,27.59,20.59,54,0,34.7,24.4
Nice,2018,27.25,20.69,52,0,33.3,25.8
Nice,2019,27.23,20.32,48,0,34.1,25.8
Nice,2020,26.03,19.47,40,0,34.9,23.6
Nice,2021,27.31,20.11,46,0,33.3,24.8
Nice,2022,29.23,22.03,64,0,33.7,26.5
Nice,2023,27.84,19.84,43,0,34.8,22.8
Nice,2024,27.27,19.38,37,0,33.5,25.1
Nice,2025,29.08,21.48,54,1,35.3,27.9
Nice,2026,30.53,22.63,63,1,35.2,26.0
Paris,1950,23.85,14.38,0,0,30.9,18.5
Paris,1951,21.19,12.63,0,0,28.9,17.9
Paris,1952,23.98,14.05,3,1,35.3,22.7
Paris,1953,22.11,13.4,0,0,32.3,19.4
Paris,1954,20.76,12.28,0,0,30.7,19.6
Paris,1955,22.48,13.5,1,0,31.3,20.0
Paris,1956,20.2,11.83,0,0,28.7,19.1
Paris,1957,22.72,13.97,1,0,32.9,20.8
Paris,1958,21.27,12.77,0,0,27.5,18.3
Paris,1959,24.32,14.18,2,0,33.9,21.1
Paris,1960,21.44,12.55,0,0,28.1,18.0
Paris,1961,22.36,12.43,0,0,33.1,18.7
Paris,1962,22.03,12.2,0,0,29.8,18.6
Paris,1963,21.69,13.16,0,0,29.5,18.8
Paris,1964,23.01,13.39,1,0,33.6,21.1
Paris,1965,21.18,12.29,0,0,28.8,17.4
Paris,1966,21.35,12.83,0,0,29.4,18.7
Paris,1967,22.36,13.01,0,0,30.9,18.6
Paris,1968,20.69,12.97,0,0,31.6,19.3
Paris,1969,22.28,13.37,0,0,29.1,19.0
Paris,1970,22.13,13.61,0,0,29.5,18.7
Paris,1971,21.8,13.15,0,0,29.7,18.7
Paris,1972,20.09,12.42,0,0,27.2,18.9
Paris,1973,22.65,13.76,0,0,30.3,18.6
Paris,1974,21.35,12.56,0,0,30.7,19.9
Paris,1975,22.73,13.41,1,0,33.7,21.8
Paris,1976,25.67,14.76,11,0,33.9,22.4
Paris,1977,20.39,12.56,0,0,27.3,17.8
Paris,1978,19.61,11.89,0,0,27.4,19.4
Paris,1979,21.32,12.92,0,0,29.1,17.5
Paris,1980,20.33,12.49,1,0,29.6,20.2
Paris,1981,20.7,13.13,0,0,29.2,18.2
Paris,1982,23.72,14.84,3,0,32.6,20.8
Paris,1983,24.15,14.65,1,0,33.7,20.8
Paris,1984,21.67,12.23,0,0,33.1,17.3
Paris,1985,21.06,12.45,0,0,31.6,19.1
Paris,1986,22.73,13.49,0,0,31.7,18.8
Paris,1987,20.69,12.58,0,0,29.0,19.3
Paris,1988,21.55,12.88,0,0,28.6,18.4
Paris,1989,23.42,13.68,1,0,32.9,20.6
Paris,1990,23.41,13.91,3,1,35.6,21.4
Paris,1991,21.8,13.13,0,0,31.4,19.7
Paris,1992,22.85,14.0,2,1,35.2,21.5
Paris,1993,21.94,12.93,0,0,28.6,17.8
Paris,1994,24.64,14.66,1,0,33.0,20.2
Paris,1995,24.0,14.44,2,0,33.8,21.0
Paris,1996,22.95,13.2,1,0,31.4,21.8
Paris,1997,22.72,14.17,2,0,31.0,20.1
Paris,1998,22.92,13.38,0,2,36.2,19.2
Paris,1999,22.86,14.19,0,0,30.8,19.6
Paris,2000,21.65,12.99,0,0,29.9,17.7
Paris,2001,22.8,13.58,0,0,33.6,19.2
Paris,2002,22.33,13.28,0,0,32.2,19.4
Paris,2003,26.77,16.45,9,8,38.1,22.3
Paris,2004,23.73,14.28,2,0,32.0,21.8
Paris,2005,23.72,14.27,2,0,34.2,20.7
Paris,2006,25.1,15.23,6,1,36.0,21.8
Paris,2007,21.69,13.91,0,0,30.9,17.8
Paris,2008,22.66,13.77,0,0,32.2,19.7
Paris,2009,23.26,13.98,0,0,31.4,19.1
Paris,2010,23.63,14.42,4,0,33.5,20.9
Paris,2011,21.83,13.3,1,0,34.7,20.0
Paris,2012,22.28,13.57,0,0,31.5,19.8
Paris,2013,24.08,14.6,2,0,33.9,20.2
Paris,2014,22.55,14.07,1,0,31.7,21.1
Paris,2015,25.26,14.93,7,2,37.1,23.1
Paris,2016,22.63,14.18,2,0,32.1,21.5
Paris,2017,24.86,15.0,3,1,35.5,21.6
Paris,2018,26.05,15.83,2,2,35.5,20.3
Paris,2019,25.28,14.71,5,3,40.7,23.2
Paris,2020,25.27,14.8,6,5,38.2,23.3
Paris,2021,23.25,14.57,1,0,32.1,20.5
Paris,2022,26.25,14.72,1,3,39.1,20.9
Paris,2023,25.22,15.2,1,0,32.6,20.0
Paris,2024,23.76,14.24,3,1,35.6,21.6
Paris,2025,26.42,16.08,7,5,38.7,23.2
Paris,2026,29.43,17.96,29,13,40.3,26.9
Rennes,1950,22.97,14.08,0,0,29.3,19.3
Rennes,1951,21.26,12.86,0,0,29.0,19.9
Rennes,1952,22.52,13.19,1,0,34.1,21.7
Rennes,1953,21.22,12.8,1,0,30.4,21.1
Rennes,1954,19.85,11.73,0,0,25.6,17.3
Rennes,1955,22.31,13.62,0,0,29.8,19.7
Rennes,1956,20.14,12.03,0,0,28.7,17.4
Rennes,1957,22.46,14.05,0,0,31.1,18.2
Rennes,1958,20.76,12.6,0,0,27.2,17.9
Rennes,1959,23.77,13.89,0,0,30.9,19.7
Rennes,1960,21.43,12.86,0,0,28.8,17.6
Rennes,1961,21.85,12.17,0,0,30.8,18.5
Rennes,1962,21.87,12.22,0,0,29.1,17.6
Rennes,1963,20.87,12.75,0,0,28.4,18.1
Rennes,1964,22.36,13.29,1,0,31.6,21.8
Rennes,1965,20.6,11.84,0,0,27.6,16.8
Rennes,1966,21.1,12.53,0,0,27.0,18.2
Rennes,1967,21.62,12.57,0,0,29.3,17.3
Rennes,1968,20.84,12.71,1,0,32.4,20.5
Rennes,1969,22.25,13.09,1,0,30.8,20.3
Rennes,1970,21.64,13.43,0,0,29.3,18.5
Rennes,1971,21.33,12.93,0,0,30.1,19.7
Rennes,1972,19.6,11.75,0,0,27.8,18.1
Rennes,1973,21.86,12.98,0,0,31.1,19.1
Rennes,1974,20.98,12.27,0,0,27.0,16.1
Rennes,1975,22.85,13.62,3,0,33.3,22.3
Rennes,1976,25.23,14.77,7,0,34.1,23.2
Rennes,1977,20.18,12.29,0,0,27.4,18.0
Rennes,1978,19.75,11.68,0,0,25.9,16.8
Rennes,1979,21.26,12.31,0,0,29.4,16.9
Rennes,1980,19.99,12.51,0,0,28.1,17.8
Rennes,1981,20.64,12.51,0,0,29.4,19.9
Rennes,1982,22.18,14.23,0,0,30.5,17.8
Rennes,1983,23.41,14.45,2,0,32.5,21.5
Rennes,1984,22.09,12.56,0,0,29.8,17.4
Rennes,1985,20.58,12.42,0,0,30.0,18.4
Rennes,1986,21.08,12.61,0,0,30.1,19.2
Rennes,1987,20.77,12.72,0,0,29.5,19.1
Rennes,1988,21.18,12.84,0,0,28.3,18.1
Rennes,1989,23.63,13.93,0,0,31.8,18.8
Rennes,1990,22.58,13.59,4,0,34.7,21.6
Rennes,1991,20.84,12.76,0,0,28.1,17.7
Rennes,1992,22.04,13.28,0,0,29.6,19.4
Rennes,1993,21.3,12.66,0,0,27.1,18.1
Rennes,1994,23.04,13.78,0,0,30.6,19.0
Rennes,1995,23.69,14.36,3,0,32.2,22.0
Rennes,1996,22.92,12.85,0,0,31.9,18.3
Rennes,1997,22.28,13.54,0,0,31.3,19.7
Rennes,1998,21.4,12.52,0,0,33.1,18.1
Rennes,1999,22.17,13.65,0,0,30.6,19.4
Rennes,2000,21.54,13.03,0,0,29.2,18.5
Rennes,2001,22.08,12.96,0,0,31.3,19.1
Rennes,2002,20.88,12.82,0,0,28.3,16.7
Rennes,2003,25.22,15.39,4,3,36.3,24.0
Rennes,2004,23.0,13.87,2,0,31.8,21.2
Rennes,2005,23.25,14.03,2,0,31.8,21.1
Rennes,2006,24.4,15.03,3,0,33.9,21.7
Rennes,2007,20.56,12.98,0,0,28.4,18.0
Rennes,2008,21.2,12.95,0,0,28.2,18.1
Rennes,2009,21.67,13.15,0,0,28.4,18.8
Rennes,2010,22.75,13.55,0,0,30.4,18.0
Rennes,2011,21.2,12.79,0,0,33.1,17.8
Rennes,2012,21.14,13.11,0,0,31.9,18.3
Rennes,2013,23.07,14.0,2,0,31.4,20.9
Rennes,2014,22.47,13.76,0,0,31.4,18.6
Rennes,2015,23.18,13.54,1,0,33.2,21.0
Rennes,2016,22.41,13.76,1,0,34.5,21.1
Rennes,2017,23.38,14.1,2,0,33.7,21.2
Rennes,2018,24.57,14.81,1,0,32.6,20.5
Rennes,2019,23.82,13.97,3,1,36.4,23.2
Rennes,2020,23.21,13.47,2,1,36.1,21.2
Rennes,2021,22.06,13.52,0,0,30.4,19.5
Rennes,2022,26.01,14.61,3,2,39.7,21.2
Rennes,2023,23.8,14.36,0,0,30.4,19.2
Rennes,2024,22.29,13.06,0,0,32.3,19.4
Rennes,2025,25.93,15.14,4,2,36.3,23.1
Rennes,2026,28.17,16.73,15,10,40.2,26.6
Strasbourg,1950,23.86,15.1,0,0,31.4,19.8
Strasbourg,1951,21.67,13.54,0,0,29.8,19.7
Strasbourg,1952,25.56,15.32,8,4,35.1,23.3
Strasbourg,1953,21.6,13.64,0,0,29.9,19.2
Strasbourg,1954,20.31,12.52,0,0,29.0,18.5
Strasbourg,1955,21.21,13.1,0,0,30.2,19.6
Strasbourg,1956,19.96,12.21,0,0,28.8,17.9
Strasbourg,1957,22.66,14.22,3,0,33.4,21.8
Strasbourg,1958,22.15,13.32,0,0,31.5,18.5
Strasbourg,1959,24.15,14.72,1,0,32.8,21.6
Strasbourg,1960,21.24,12.83,0,0,30.1,18.2
Strasbourg,1961,21.34,12.8,0,0,30.4,18.6
Strasbourg,1962,22.32,12.6,0,0,32.4,19.1
Strasbourg,1963,22.69,13.75,0,0,31.5,19.7
Strasbourg,1964,24.49,14.55,4,0,34.8,21.4
Strasbourg,1965,20.98,12.88,0,0,29.3,18.6
Strasbourg,1966,21.33,13.31,0,0,31.9,18.7
Strasbourg,1967,22.83,13.89,1,0,30.5,20.3
Strasbourg,1968,20.74,12.74,0,0,30.7,18.5
Strasbourg,1969,21.85,13.61,0,0,30.0,19.3
Strasbourg,1970,21.97,13.81,0,0,29.9,18.7
Strasbourg,1971,22.98,13.66,0,0,31.4,19.3
Strasbourg,1972,21.16,13.21,0,0,30.8,18.8
Strasbourg,1973,22.58,13.84,0,0,30.2,18.2
Strasbourg,1974,21.37,12.79,0,0,33.3,19.6
Strasbourg,1975,22.58,13.67,0,0,30.6,18.9
Strasbourg,1976,25.28,14.9,4,0,33.1,21.1
Strasbourg,1977,21.64,13.25,0,0,31.1,17.4
Strasbourg,1978,20.17,12.23,0,0,29.8,18.7
Strasbourg,1979,21.69,13.52,0,0,28.7,17.8
Strasbourg,1980,19.98,12.7,0,0,30.2,18.8
Strasbourg,1981,21.35,13.57,0,0,29.0,19.9
Strasbourg,1982,23.47,14.82,0,0,31.0,19.0
Strasbourg,1983,25.05,15.19,4,4,37.4,22.3
Strasbourg,1984,21.08,12.3,0,0,34.0,18.7
Strasbourg,1985,21.72,13.1,0,0,32.2,19.3
Strasbourg,1986,22.8,13.83,0,0,33.5,18.8
Strasbourg,1987,20.53,12.99,0,0,29.1,19.8
Strasbourg,1988,22.81,13.67,0,0,31.6,19.1
Strasbourg,1989,23.24,14.01,1,0,32.7,20.1
Strasbourg,1990,23.26,13.88,2,0,33.6,21.7
Strasbourg,1991,23.89,14.56,3,0,33.7,20.5
Strasbourg,1992,23.85,14.79,4,0,34.2,22.3
Strasbourg,1993,22.41,13.6,0,0,30.6,18.2
Strasbourg,1994,24.79,15.59,9,0,33.7,22.1
Strasbourg,1995,23.24,14.26,3,0,32.5,20.8
Strasbourg,1996,22.07,13.13,0,0,30.1,18.1
Strasbourg,1997,22.26,13.81,0,0,29.4,18.6
Strasbourg,1998,22.87,14.03,0,0,34.1,19.8
Strasbourg,1999,22.51,14.15,0,0,30.6,19.3
Strasbourg,2000,22.52,13.39,0,0,31.5,18.6
Strasbourg,2001,23.14,14.04,1,0,34.1,20.0
Strasbourg,2002,23.04,14.14,1,0,32.8,20.0
Strasbourg,2003,27.93,17.39,15,7,36.1,22.9
Strasbourg,2004,23.67,14.49,1,0,31.5,20.0
Strasbourg,2005,22.98,13.9,2,0,33.0,20.0
Strasbourg,2006,24.99,15.33,11,0,34.0,23.2
Strasbourg,2007,22.42,14.26,0,0,31.6,19.8
Strasbourg,2008,22.81,14.36,0,0,30.8,19.2
Strasbourg,2009,23.19,14.32,0,0,30.0,18.9
Strasbourg,2010,23.62,15.0,4,0,34.7,21.6
Strasbourg,2011,22.28,13.49,0,0,32.5,18.7
Strasbourg,2012,23.07,14.57,2,0,33.1,20.6
Strasbourg,2013,24.21,14.79,3,0,34.6,20.8
Strasbourg,2014,23.9,15.01,2,0,34.5,20.5
Strasbourg,2015,26.25,16.33,16,5,37.3,24.0
Strasbourg,2016,23.03,14.75,1,0,31.8,21.2
Strasbourg,2017,25.53,15.94,7,0,34.9,21.7
Strasbourg,2018,27.26,16.84,8,0,34.2,23.5
Strasbourg,2019,26.73,16.0,8,4,37.7,23.8
Strasbourg,2020,25.75,15.48,6,1,35.0,22.4
Strasbourg,2021,24.5,15.32,3,0,34.0,21.8
Strasbourg,2022,28.0,15.94,3,3,36.4,21.6
Strasbourg,2023,26.31,15.83,3,1,35.5,21.8
Strasbourg,2024,24.61,15.22,1,0,32.4,20.4
Strasbourg,2025,26.15,15.98,6,1,36.9,22.6
Strasbourg,2026,29.52,18.11,26,14,38.8,25.4
Toulouse,1950,27.88,16.98,8,1,35.9,21.9
Toulouse,1951,23.56,14.57,0,0,31.1,19.8
Toulouse,1952,28.13,17.22,9,3,36.1,22.3
Toulouse,1953,23.87,14.94,5,0,32.6,20.8
Toulouse,1954,23.31,13.87,0,0,31.3,19.0
Toulouse,1955,26.36,15.98,2,1,35.2,21.0
Toulouse,1956,23.14,13.94,0,0,32.1,19.7
Toulouse,1957,24.37,14.98,1,0,32.5,20.8
Toulouse,1958,24.28,14.75,2,0,34.8,22.5
Toulouse,1959,25.66,15.32,1,0,31.9,20.5
Toulouse,1960,24.69,15.33,0,0,32.2,19.2
Toulouse,1961,25.14,15.58,2,0,33.0,21.1
Toulouse,1962,25.87,14.92,4,1,37.2,21.1
Toulouse,1963,24.34,15.01,2,0,31.4,20.6
Toulouse,1964,26.46,15.95,6,0,34.8,21.8
Toulouse,1965,24.15,14.52,1,0,31.2,21.5
Toulouse,1966,23.82,14.73,0,0,31.9,19.9
Toulouse,1967,25.32,15.01,4,0,34.4,21.1
Toulouse,1968,23.55,14.54,3,0,34.9,21.9
Toulouse,1969,24.6,15.34,7,0,32.6,20.9
Toulouse,1970,24.82,15.84,3,0,31.9,20.5
Toulouse,1971,24.53,15.44,3,0,33.5,21.2
Toulouse,1972,23.07,14.23,2,0,32.3,20.3
Toulouse,1973,24.84,15.81,8,0,33.6,21.9
Toulouse,1974,24.37,14.9,3,0,33.1,20.3
Toulouse,1975,25.1,15.33,8,0,33.9,22.2
Toulouse,1976,27.21,15.96,2,0,33.8,20.6
Toulouse,1977,22.2,13.8,1,0,29.8,20.3
Toulouse,1978,23.02,13.91,2,0,32.2,20.6
Toulouse,1979,24.28,15.12,1,0,31.4,21.7
Toulouse,1980,22.59,13.7,0,0,31.7,19.6
Toulouse,1981,23.7,14.75,2,0,31.1,20.3
Toulouse,1982,25.82,16.64,8,1,36.4,22.4
Toulouse,1983,26.64,16.59,12,2,37.1,22.3
Toulouse,1984,24.84,14.77,0,1,35.5,19.9
Toulouse,1985,24.71,15.29,4,1,35.3,20.7
Toulouse,1986,25.46,15.52,2,1,35.5,21.9
Toulouse,1987,24.51,15.3,4,4,38.0,22.2
Toulouse,1988,24.92,15.22,3,0,33.2,21.5
Toulouse,1989,27.42,16.79,8,3,36.8,22.5
Toulouse,1990,26.38,16.2,13,3,35.8,22.8
Toulouse,1991,25.07,15.58,4,0,34.6,20.3
Toulouse,1992,23.82,15.24,7,0,32.6,21.6
Toulouse,1993,25.22,15.23,0,0,34.1,19.8
Toulouse,1994,26.69,16.8,12,0,34.7,22.6
Toulouse,1995,26.44,16.12,9,1,35.4,21.1
Toulouse,1996,25.5,15.72,3,0,32.1,20.7
Toulouse,1997,25.25,15.93,6,0,33.5,20.5
Toulouse,1998,26.25,15.77,6,3,36.3,20.5
Toulouse,1999,25.12,15.83,4,0,33.6,20.8
Toulouse,2000,24.96,15.39,0,0,31.9,19.6
Toulouse,2001,25.22,15.2,5,1,35.3,21.2
Toulouse,2002,24.63,15.36,2,0,31.6,20.2
Toulouse,2003,30.96,19.35,31,17,39.2,24.7
Toulouse,2004,27.04,16.8,10,1,37.1,21.9
Toulouse,2005,27.78,16.87,13,1,35.3,22.7
Toulouse,2006,28.35,17.57,16,4,36.5,23.2
Toulouse,2007,24.46,15.29,0,0,34.1,19.4
Toulouse,2008,25.11,15.23,1,0,34.7,20.6
Toulouse,2009,27.58,16.69,8,2,35.2,20.7
Toulouse,2010,26.31,16.3,7,1,36.6,22.4
Toulouse,2011,25.05,15.33,2,0,34.6,20.3
Toulouse,2012,28.05,16.53,9,7,37.0,22.4
Toulouse,2013,26.63,16.16,12,0,34.8,22.2
Toulouse,2014,25.25,16.04,2,0,32.3,21.2
Toulouse,2015,28.18,17.39,15,4,36.0,22.6
Toulouse,2016,26.64,16.47,7,0,34.4,20.8
Toulouse,2017,27.18,17.23,14,2,36.8,22.0
Toulouse,2018,27.88,17.07,9,2,35.9,23.0
Toulouse,2019,28.33,17.11,18,9,39.5,24.5
Toulouse,2020,27.78,16.77,13,8,37.4,23.6
Toulouse,2021,26.09,16.24,10,0,34.8,22.1
Toulouse,2022,31.16,18.34,24,23,39.7,24.9
Toulouse,2023,27.86,17.1,13,1,36.6,22.5
Toulouse,2024,26.63,16.63,11,3,35.3,23.1
Toulouse,2025,30.57,18.63,28,21,41.2,24.9
Toulouse,2026,32.27,20.14,47,27,39.9,25.3
